{
  "accuracy": 0.8100929614873837,
  "precision": 0.8467583497053045,
  "recall": 0.8689516129032258,
  "f1": 0.8577114427860697,
  "auc": 0.8624325342035898,
  "confusion_matrix": [
    [
      179,
      78
    ],
    [
      65,
      431
    ]
  ],
  "n_features": 37,
  "n_train": 2408,
  "n_val": 601,
  "n_test": 753,
  "epochs_ran": 72
}